Name,Year,Author,ISBN-10,Pages,Language,File size,File format,Category,Links
Pro Azure Governance and Security,2019,David Rendon,1484249097,317,English,19.7 MB,"PDF, ePub",Hardware & DIY,"http://file.allitebooks.com/20190620/Pro Azure Governance and Security.pdf , http://file.allitebooks.com/20190620/Pro Azure Governance and Security.epub"
Rapid Java Persistence and Microservices,2019,Raj Malhotra,1484244753,319,English,4.8 MB,"PDF, ePub",Java,"http://file.allitebooks.com/20190620/Rapid Java Persistence and Microservices.pdf , http://file.allitebooks.com/20190620/Rapid Java Persistence and Microservices.epub"
Approachable Accessibility,2019,Martine Dowden,1484248805,120,English,4.9 MB,"PDF, ePub",Programming,"http://file.allitebooks.com/20190619/Approachable Accessibility.pdf , http://file.allitebooks.com/20190619/Approachable Accessibility.epub"
"Pro iPhone Development with Swift 5, 2nd Edition",2019,Wallace Wang,1484249437,593,English,12.2 MB,"PDF, ePub",Swift,"http://file.allitebooks.com/20190619/Pro iPhone Development with Swift 5, 2nd Edition.pdf , http://file.allitebooks.com/20190619/Pro iPhone Development with Swift 5, 2nd Edition.epub"
SSCP Systems Security Certified Practitioner Practice Exams,2019,Nick Mitropoulos,1260455971,240,English,2.4 MB,ePub,Certification,http://file.allitebooks.com/20190617/SSCP Systems Security Certified Practitioner Practice Exams.epub
Practical LPIC-3 300,2019,Antonio Vazquez,1484244729,732,English,16 MB,"PDF, ePub",Programming,"http://file.allitebooks.com/20190616/Practical LPIC-3 300.pdf , http://file.allitebooks.com/20190616/Practical LPIC-3 300.epub"
Foundations of Libvirt Development,2019,W. David Ashley,1484248619,408,English,2.9 MB,"PDF, ePub",Linux & Unix,"http://file.allitebooks.com/20190615/Foundations of Libvirt Development.pdf , http://file.allitebooks.com/20190615/Foundations of Libvirt Development.epub"
OCP Java SE 8 Programmer II Exam Guide,2018,Bert Bates,1260117383,976,English,116.9 MB,PDF,Java,http://file.allitebooks.com/20190615/OCP Java SE 8 Programmer II Exam Guide.pdf
Samsung Galaxy S10 For Dummies,2019,Bill Hughes,1119579392,336,English,27 MB,ePub,Hardware & DIY,http://file.allitebooks.com/20190614/Samsung Galaxy S10 For Dummies.epub
Think DSP,2016,Allen B. Downey,1491938455,168,English,9 MB,ePub,Python,http://file.allitebooks.com/20190614/Think DSP.epub
"CEH Certified Ethical Hacker Practice Exams, 4th Edition",2019,Matt Walker,1260455084,384,English,4.4 MB,ePub,Security,"http://file.allitebooks.com/20190613/CEH Certified Ethical Hacker Practice Exams, 4th Edition.epub"
"React Native for Mobile Development, 2nd Edition",2019,Abhishek Nalwaya,1484244532,235,English,6.6 MB,"PDF, ePub",Programming,"http://file.allitebooks.com/20190613/React Native for Mobile Development, 2nd Edition.pdf , http://file.allitebooks.com/20190613/React Native for Mobile Development, 2nd Edition.epub"
Machine Learning with Microsoft Technologies,2019,Leila Etaati,1484236572,365,English,28.6 MB,"PDF, ePub",.NET,"http://file.allitebooks.com/20190613/Machine Learning with Microsoft Technologies.pdf , http://file.allitebooks.com/20190613/Machine Learning with Microsoft Technologies.epub"
Cracking Codes and Cryptograms For Dummies,2009,Christopher L. Hodapp,0470591005,336,English,4.6 MB,PDF,Security,http://file.allitebooks.com/20190612/Cracking Codes and Cryptograms For Dummies.pdf
The TCP/IP Guide,2005,Charles M. Kozierok,159327047X,1616,English,15.3 MB,ePub,Networking & Cloud Computing,http://file.allitebooks.com/20190612/The TCPIP Guide.epub
Implementing iOS and macOS Documents with the Files App,2019,Jesse Feiler,1484244915,156,English,5.6 MB,"PDF, ePub",Apps,"http://file.allitebooks.com/20190611/Implementing iOS and macOS Documents with the Files App.pdf , http://file.allitebooks.com/20190611/Implementing iOS and macOS Documents with the Files App.epub"
Haskell Quick Syntax Reference,2019,Marius Mihailescu,1484245067,207,English,4.3 MB,"PDF, ePub",Programming,"http://file.allitebooks.com/20190611/Haskell Quick Syntax Reference.pdf , http://file.allitebooks.com/20190611/Haskell Quick Syntax Reference.epub"
Deep Learning for Search,2019,Tommaso Teofili,1617294799,355,English,8.2 MB,PDF,Programming,http://file.allitebooks.com/20190610/Deep Learning for Search.pdf
Beginning Azure Functions,2019,Rahul Sawhney,1484244435,177,English,6.6 MB,"PDF, ePub",Cloud Computing,"http://file.allitebooks.com/20190609/Beginning Azure Functions.pdf , http://file.allitebooks.com/20190609/Beginning Azure Functions.epub"
Drools JBoss Rules 5.0 Developers Guide,2009,Michal Bali,1847195644,320,English,4.8 MB,PDF,Computer Science,http://file.allitebooks.com/20190608/Drools JBoss Rules 5.0 Developers Guide.pdf
Git Pocket Guide,2013,Richard E. Silverman,9781449325862,234,English,7.3 MB,PDF,Linux & Unix,http://file.allitebooks.com/20190607/Git Pocket Guide.pdf
NFC For Dummies,2016,Robert P. Sabella,1119182921,288,English,11.8 MB,PDF,Hardware & DIY,http://file.allitebooks.com/20190607/NFC For Dummies.pdf
BlackBerry Application Development For Dummies,2010,Karl G. Kowalski,0470467118,408,English,5.5 MB,PDF,Hardware & DIY,http://file.allitebooks.com/20190606/BlackBerry Application Development For Dummies.pdf
GitHub For Dummies,2019,Guthals,1119572673,384,English,51.4 MB,PDF,Programming,http://file.allitebooks.com/20190606/GitHub For Dummies.pdf
Make Your Own Scratch Games!,2019,Anna Anthropy,1593279361,192,English,12.6 MB,ePub,Game Programming,http://file.allitebooks.com/20190605/Make Your Own Scratch Games.epub
"Practical Salesforce Development Without Code, 2nd Edition",2019,Philip Weinmeister,1484248708,514,English,22.1 MB,"PDF, ePub",Programming,"http://file.allitebooks.com/20190605/Practical Salesforce Development Without Code, 2nd Edition.pdf , http://file.allitebooks.com/20190605/Practical Salesforce Development Without Code, 2nd Edition.epub"
DevOps in Python,2019,Moshe Zadka,148424432X,169,English,1.9 MB,"PDF, ePub",Python,"http://file.allitebooks.com/20190605/DevOps in Python.pdf , http://file.allitebooks.com/20190605/DevOps in Python.epub"
"CISSP All-in-One Exam Guide, 8th Edition",2018,Fernando Maymi,1260142655,1408,English,62.6 MB,PDF,Certification,"http://file.allitebooks.com/20190604/CISSP All-in-One Exam Guide, 8th Edition.pdf"
"Pro SQL Server 2019 Wait Statistics, 2nd Edition",2019,Enrico Van De Laar,1484249151,399,English,20 MB,"PDF, ePub",SQL,"http://file.allitebooks.com/20190604/Pro SQL Server 2019 Wait Statistics, 2nd Edition.pdf , http://file.allitebooks.com/20190604/Pro SQL Server 2019 Wait Statistics, 2nd Edition.epub"
"CSS3 Quick Syntax Reference, 2nd Edition",2019,Mikael Olsson,148424902X,200,English,2.5 MB,"PDF, ePub","HTML, HTML5 & CSS","http://file.allitebooks.com/20190603/CSS3 Quick Syntax Reference, 2nd Edition.pdf , http://file.allitebooks.com/20190603/CSS3 Quick Syntax Reference, 2nd Edition.epub"
Design Patterns in .NET,2019,Dmitri Nesteruk,148424365X,376,English,3.2 MB,"PDF, ePub",.NET,"http://file.allitebooks.com/20190602/Design Patterns in .NET.pdf , http://file.allitebooks.com/20190602/Design Patterns in .NET.epub"
"Pro MERN Stack, 2nd Edition",2019,Vasan Subramanian,1484243900,568,English,7.9 MB,"PDF, ePub",Software,"http://file.allitebooks.com/20190602/Pro MERN Stack, 2nd Edition.pdf , http://file.allitebooks.com/20190602/Pro MERN Stack, 2nd Edition.epub"
Pro React 16,2019,Adam Freeman,1484244508,745,English,18.2 MB,"PDF, ePub",Software,"http://file.allitebooks.com/20190602/Pro React 16.pdf , http://file.allitebooks.com/20190602/Pro React 16.epub"
"Beginning iPhone Development with Swift 5, 5th Edition",2019,Wallace Wang,1484248643,648,English,23.1 MB,"PDF, ePub",Swift,"http://file.allitebooks.com/20190601/Beginning iPhone Development with Swift 5, 5th Edition.pdf , http://file.allitebooks.com/20190601/Beginning iPhone Development with Swift 5, 5th Edition.epub"
Exploring Advanced Features in C#,2019,Dirk Strauss,1484248554,288,English,10.6 MB,"PDF, ePub",C#,"http://file.allitebooks.com/20190531/Exploring Advanced Features in C-.pdf , http://file.allitebooks.com/20190531/Exploring Advanced Features in C-.epub"
Learn Kotlin for Android Development,2019,Peter Späth,1484244664,473,English,6.2 MB,"PDF, ePub",Programming,"http://file.allitebooks.com/20190530/Learn Kotlin for Android Development.pdf , http://file.allitebooks.com/20190530/Learn Kotlin for Android Development.epub"
Event Streams in Action,2019,Alexander Dean,1617292346,344,English,6.2 MB,ePub,Services & APIs,http://file.allitebooks.com/20190530/Event Streams in Action.epub
Cloud Native Patterns,2019,Cornelia Davis,1617294292,400,English,9.5 MB,ePub,Java,http://file.allitebooks.com/20190530/Cloud Native Patterns.epub
"Troubleshooting Your PC for Dummies, 2nd Edition",2005,Dan Gookin,0764577425,408,English,8.8 MB,PDF,Hardware & DIY,"http://file.allitebooks.com/20190529/Troubleshooting Your PC for Dummies, 2nd Edition.pdf"
Paint Shop Pro 9 For Dummies,2005,David C. Kay,0764579355,376,English,10.4 MB,PDF,Game Programming,http://file.allitebooks.com/20190529/Paint Shop Pro 9 For Dummies.pdf
Building Research Tools with Google For Dummies,2005,Harold Davis,076457809X,366,English,10.9 MB,PDF,Marketing & SEO,http://file.allitebooks.com/20190529/Building Research Tools with Google For Dummies.pdf
Photoshop CS2 All-in-One Desk Reference For Dummies,2005,Barbara Obermeier,0764589164,704,English,45.2 MB,PDF,Photoshop,http://file.allitebooks.com/20190529/Photoshop CS2 All-in-One Desk Reference For Dummies.pdf
Excel 2003 All-in-One Desk Reference For Dummies,2003,Greg Harvey,076453758X,840,English,11.1 MB,ePub,Office,http://file.allitebooks.com/20190528/Excel 2003 All-in-One Desk Reference For Dummies.epub
Photoshop CS All-in-One Desk Reference For Dummies,201,Barbara Obermeier,0764542397,856,English,18.7 MB,PDF,Photoshop,http://file.allitebooks.com/20190528/Photoshop CS All-in-One Desk Reference For Dummies.pdf
"QuickBooks 2005 For Dummies, 2nd Edition",2004,Stephen L. Nelson,0764576615,408,English,10.4 MB,PDF,Software,"http://file.allitebooks.com/20190528/QuickBooks 2005 For Dummies, 2nd Edition.pdf"
Big Data Analytics,2016,B.L.S. Prakasa Rao,9788132236269,276,English,7.4 MB,PDF,Data Mining,http://file.allitebooks.com/20190528/Big Data Analytics.pdf
Integrating Serverless Architecture,2019,Rami Vemula,1484244885,436,English,23.4 MB,"PDF, ePub",C & C++,"http://file.allitebooks.com/20190528/Integrating Serverless Architecture.pdf , http://file.allitebooks.com/20190528/Integrating Serverless Architecture.epub"
iOS App Development For Dummies,2014,Jesse Feiler,9781118871058,576,English,55.4 MB,PDF,Programming,http://file.allitebooks.com/20190527/iOS App Development For Dummies.pdf
Web-Based Projects that Rock the Class,2019,Christos Karayiannis,1484244621,506,English,14.6 MB,"PDF, ePub",Web Development,"http://file.allitebooks.com/20190526/Web-Based Projects that Rock the Class.pdf , http://file.allitebooks.com/20190526/Web-Based Projects that Rock the Class.epub"
"Python, PyGame, and Raspberry Pi Game Development, 2nd Edition",2019,Sloan Kelly,1484245326,389,English,5.9 MB,"PDF, ePub",Python,"http://file.allitebooks.com/20190526/Python, PyGame, and Raspberry Pi Game Development, 2nd Edition.pdf , http://file.allitebooks.com/20190526/Python, PyGame, and Raspberry Pi Game Development, 2nd Edition.epub"
Progressive Web Apps with Angular,2019,Majid Hajian,1484244478,380,English,9.3 MB,"PDF, ePub",Apps,"http://file.allitebooks.com/20190524/Progressive Web Apps with Angular.pdf , http://file.allitebooks.com/20190524/Progressive Web Apps with Angular.epub"
Phoenix in Action,2019,Geoffrey Lessel,1617295043,336,English,7.6 MB,"PDF, ePub",Datebases,"http://file.allitebooks.com/20190524/Phoenix in Action.pdf , http://file.allitebooks.com/20190524/Phoenix in Action.epub"
"The IDA Pro Book, 2nd edition",2019,Chris Eagle,1593272898,672,English,5.6 MB,ePub,Programming,"http://file.allitebooks.com/20190524/The IDA Pro Book, 2nd edition.epub"
"QuickBooks Online For Dummies, 5th Edition",2019,Elaine Marmel,1119590663,320,English,14.4 MB,ePub,Software,"http://file.allitebooks.com/20190524/QuickBooks Online For Dummies, 5th Edition.epub"
Architecting Modern Data Platforms,2019,Ian Buss,149196927X,636,English,12.7 MB,ePub,Datebases,http://file.allitebooks.com/20190524/Architecting Modern Data Platforms.epub
AWS Lambda in Action,2016,Danilo Poccia,1617293717,384,English,10.6 MB,ePub,JavaScript,http://file.allitebooks.com/20190523/AWS Lambda in Action.epub
Clean Python,2019,Sunil Kapil,English,267,English,2.2 MB,"PDF, ePub",Python,"http://file.allitebooks.com/20190522/Clean Python.pdf , http://file.allitebooks.com/20190522/Clean Python.epub"
asyncio Recipes,2019,Mohamed Mustapha Tahrioui,1484244001,313,English,2.5 MB,"PDF, ePub",Python,"http://file.allitebooks.com/20190522/asyncio Recipes.pdf , http://file.allitebooks.com/20190522/asyncio Recipes.epub"
Deploying SharePoint 2019,2019,Trevor Seward,1484245253,476,English,21.7 MB,"PDF, ePub",.NET,"http://file.allitebooks.com/20190522/Deploying SharePoint 2019.pdf , http://file.allitebooks.com/20190522/Deploying SharePoint 2019.epub"
"Text Analytics with Python, 2nd Edition",2019,Dipanjan Sarkar,1484243536,674,English,17.2 MB,"PDF, ePub",Python,"http://file.allitebooks.com/20190522/Text Analytics with Python, 2nd Edition.pdf , http://file.allitebooks.com/20190522/Text Analytics with Python, 2nd Edition.epub"
"Firebug 1.5: Editing, Debugging, and Monitoring Web Pages",201,Chandan Luthra,1847194966,224,English,6.6 MB,PDF,Programming,http://file.allitebooks.com/20190521/Firebug 1.5.pdf
Foundations of Qt Development,2007,Johan Thelin,1590598318,528,English,6.3 MB,PDF,Photoshop,http://file.allitebooks.com/20190521/Foundations of Qt Development.pdf
"Core Data by Tutorials, 5th Edition",2018,Raywenderlich.com Team,1942878613,280,English,40.6 MB,"PDF, ePub",Swift,"http://file.allitebooks.com/20190520/Core Data by Tutorials, 5th Edition.pdf , http://file.allitebooks.com/20190520/Core Data by Tutorials, 5th Edition.epub"
Google Cloud Platform in Action,2018,JJ Geewax,9781617293528,632,English,16.5 MB,ePub,Services & APIs,http://file.allitebooks.com/20190520/Google Cloud Platform in Action.epub
"AutoCAD For Dummies, 18th Edition",2019,Bill Fane,1119580080,544,English,20.4 MB,PDF,CAD,"http://file.allitebooks.com/20190520/AutoCAD For Dummies, 18th Edition.pdf"
Excel 2010 Financials Cookbook,2011,Andre Odnoha,1849691185,260,English,14.3 MB,PDF,Datebases,http://file.allitebooks.com/20190519/Excel 2010 Financials Cookbook.pdf
Classic Computer Science Problems in Swift,2018,David Kopec,1617294896,224,English,2.1 MB,ePub,Swift,http://file.allitebooks.com/20190519/Classic Computer Science Problems in Swift.epub
Office 2013 Simplified,2013,Elaine Marmel,1118517172,408,English,30.7 MB,PDF,Office,http://file.allitebooks.com/20190518/Office 2013 Simplified.pdf
"The Everyday Internet All-in-One Desk Reference For Dummies, 3rd Edition",2005,Peter Weverka,0764588753,624,English,17 MB,PDF,Computer Science,"http://file.allitebooks.com/20190518/The Everyday Internet All-in-One Desk Reference For Dummies, 3rd Edition.pdf"
"Oracle High Availability, Disaster Recovery, and Cloud Services",2019,Bal Mukund Sharma,1484243501,679,English,21.2 MB,"PDF, ePub",Oracle,"http://file.allitebooks.com/20190517/Oracle High Availability, Disaster Recovery, and Cloud Services.pdf , http://file.allitebooks.com/20190517/Oracle High Availability, Disaster Recovery, and Cloud Services.epub"
Programmer’s Guide to Apache Thrift,2019,Randy Abernethy,1617296163,592,English,13.5 MB,ePub,PHP,http://file.allitebooks.com/20190517/Programmer's Guide to Apache Thrift.epub
Deep Learning For Dummies,2019,John Paul Mueller,1119543045,368,English,11.3 MB,"PDF, ePub",Programming,"http://file.allitebooks.com/20190516/Deep Learning For Dummies.pdf , http://file.allitebooks.com/20190516/Deep Learning For Dummies.epub"
Python All-in-One For Dummies,2019,Alan Simpson,1119557593,740,English,42.8 MB,"PDF, ePub",Python,"http://file.allitebooks.com/20190516/Python All-in-One For Dummies.pdf , http://file.allitebooks.com/20190516/Python All-in-One For Dummies.epub"
Automate the Boring Stuff with Python,2015,Al Sweigart,1593275994,504,English,17 MB,PDF,Python,http://file.allitebooks.com/20190515/Automate the Boring Stuff with Python.pdf
"Node.js in Action, 2nd Edition",2017,Alex R. Young,1617292575,392,English,13.5 MB,"PDF, ePub",JavaScript,"http://file.allitebooks.com/20190515/Node.js in Action, 2nd Edition.pdf , http://file.allitebooks.com/20190515/Node.js in Action, 2nd Edition.epub"
Practical Monitoring,2017,Mike Julian,1491957352,170,English,3.5 MB,"PDF, azw3",Networking & Cloud Computing,"http://file.allitebooks.com/20190515/Practical Monitoring.pdf , http://file.allitebooks.com/20190515/Practical Monitoring.azw3"
Blender Game Engine: Beginner’s Guide,2012,Victor Kuller Bacone,1849517029,206,English,11.1 MB,PDF,3D Graphics,http://file.allitebooks.com/20190514/Blender Game Engine Beginner s Guide.pdf
"Effective awk Programming, 4th Edition",2015,Arnold Robbins,1491904615,560,English,5.6 MB,ePub,Linux & Unix,"http://file.allitebooks.com/20190514/Effective awk Programming, 4th Edition.pdf"
Serverless Applications with Node.js,2019,Aleksandar Simovic,1617294721,352,English,27.4 MB,ePub,JavaScript,http://file.allitebooks.com/20190514/Serverless Applications with Nodejs.epub
Practical Recommender Systems,2019,Kim Falk,1617292702,432,English,16.4 MB,ePub,Data Mining,http://file.allitebooks.com/20190514/Practical Recommender Systems.epub
Testing Microservices with Mountebank,2019,Brandon Byars,1617294772,240,English,4.4 MB,PDF,Testing & Engineering,http://file.allitebooks.com/20190514/Testing Microservices with Mountebank.epub
Reactive Applications with Akka.NET,2019,Anthony Brown,1617292982,280,English,2.9 MB,PDF,Software,http://file.allitebooks.com/20190514/Reactive Applications with Akka.NET.epub
"Getting MEAN with Mongo, Express, Angular, and Node, 2nd Edition",2019,Clive Herber,1617294756,504,English,9.9 MB,PDF,JavaScript,"http://file.allitebooks.com/20190514/Getting MEAN with Mongo, Express, Angular, and Node, 2nd Edition.pdf"
HTML5 Boilerplate Web Development,2012,Divya Manian,1849518505,174,English,7.9 MB,PDF,"HTML, HTML5 & CSS",http://file.allitebooks.com/20190514/HTML5 Boilerplate Web Development.pdf
MVVM Survival Guide for Enterprise Architectures in Silverlight and WPF,2012,Muhammad Shujaat Siddiqi,1849683425,490,English,12.3 MB,PDF,C & C++,http://file.allitebooks.com/20190513/MVVM Survival Guide for Enterprise Architectures in Silverlight and WPF.pdf
"Windows 10 Inside Out, 3rd Edition",2019,Craig Stinson,1509307664,848,English,16.8 MB,ePub,Windows,"http://file.allitebooks.com/20190513/Windows 10 Inside Out, 3rd Edition.epub"
A Beginner’s Guide to 3D Modeling,2019,Cameron Coward,1593279264,152,English,23.2 MB,ePub,3D Printing,http://file.allitebooks.com/20190513/A Beginner's Guide to 3D Modeling.epub
"Camel in Action, 2nd Edition",2019,Claus Ibsen,1617292931,912,English,11.3 MB,ePub,Java,"http://file.allitebooks.com/20190512/Camel in Action, 2nd Edition.epub"
Prometheus: Up & Running,2018,Brian Brazil,1492034142,386,English,10.6 MB,PDF,Cloud Computing,http://file.allitebooks.com/20190512/Prometheus Up  Running.pdf
Sams Teach Yourself Visual Basic 2015 in 24 Hours,2015,James Foxall,9780672337451,608,English,39.6 MB,ePub,Visual Basic,http://file.allitebooks.com/20190512/Sams Teach Yourself Visual Basic 2015 in 24 Hours.epub
Pro Oracle SQL Development,2019,Jon Heller,1484245164,596,English,7.7 MB,"PDF, ePub",Oracle,"http://file.allitebooks.com/20190512/Pro Oracle SQL Development.pdf , http://file.allitebooks.com/20190512/Pro Oracle SQL Development.epub"
"Unix Power Tools, 3rd Edition",2002,Jerry Peek,9780596003302,1200,English,11.3 MB,PDF,Linux & Unix,"http://file.allitebooks.com/20190511/Unix Power Tools, 3rd Edition.pdf"
Drupal Multimedia,2008,Aaron Winborn,9781847194602,264,English,9.8 MB,PDF,CMS,http://file.allitebooks.com/20190511/Drupal Multimedia.pdf
From Bash to Z Shell,2005,Jerry Peek,1590593766,472,English,14.4 MB,"PDF, ePub",Linux & Unix,"http://file.allitebooks.com/20190510/From Bash to Z Shell.pdf , http://file.allitebooks.com/20190510/From Bash to Z Shell.epub"
Data Center Fundamentals,2003,Mauricio Arregoces,1587050234,1104,English,14.5 MB,PDF,"Networks, Protocols & APIs",http://file.allitebooks.com/20190510/Data Center Fundamentals.pdf
Pentaho Data Integration 4 Cookbook,2011,Adrián Sergio Pulvirenti,1849515247,352,English,5.2 MB,PDF,Data Processing,http://file.allitebooks.com/20190510/Pentaho Data Integration 4 Cookbook.pdf
Continuous Delivery in Java,2018,Abraham Marín-Pérez,1491986026,482,English,10.2 MB,ePub,Java,http://file.allitebooks.com/20190509/Continuous Delivery in Java.epub
RxJava for Android Developers,2019,Timo Tuominen,1617293369,512,English,11.9 MB,ePub,Programming,http://file.allitebooks.com/20190509/RxJava for Android Developers.epub
Rethinking Productivity in Software Engineering,2019,Caitlin Sadowski,1484242203,310,English,4.9 MB,"PDF, ePub",Programming,"http://file.allitebooks.com/20190509/Rethinking Productivity in Software Engineering.pdf , http://file.allitebooks.com/20190509/Rethinking Productivity in Software Engineering.epub"
Regular Expressions Cookbook,2009,Jan Goyvaerts,0596520689,510,English,4.1 MB,PDF,JavaScript,http://file.allitebooks.com/20190509/Regular Expressions Cookbook.pdf
"Excel VBA Programming For Dummies, 5th Edition",2019,John Walkenbach,1119518172,416,English,7.1 MB,PDF,Office,"http://file.allitebooks.com/20190509/Excel VBA Programming For Dummies, 5th Edition.pdf"
"Python Crash Course, 2nd Edition",2019,Eric Matthes,1593279280,544,English,7.4 MB,"PDF, ePub",Python,"http://file.allitebooks.com/20190508/Python Crash Course, 2nd Edition.pdf , http://file.allitebooks.com/20190506/Python Crash Course, 2nd Edition.epub"
Practical Oracle JET,2019,Daniel Curtis,1484243455,236,English,6.5 MB,"PDF, ePub",Oracle,"http://file.allitebooks.com/20190508/Practical Oracle JET.pdf , http://file.allitebooks.com/20190508/Practical Oracle JET.epub"
"Active Directory Cookbook, 3rd Edition",2008,Laura E. Hunter,0596521103,1092,English,8.1 MB,PDF,Networking & Cloud Computing,"http://file.allitebooks.com/20190508/Active Directory Cookbook, 3rd Edition.pdf"
"The Official (ISC)2 Guide to the CISSP CBK Reference, 5th Edition",2019,Ben Malisow (Contributor),1119423341,1000,English,7.8 MB,PDF,Network Security,"http://file.allitebooks.com/20190507/The Official (ISC)2 Guide to the CISSP CBK Reference, 5th Edition.pdf"
CompTIA A+ Complete Study Guide,2009,Emmett Dulaney,9780470486498,1152,English,28.9 MB,PDF,Certification,http://file.allitebooks.com/20190507/CompTIA A Complete Study Guide.pdf
Alexa For Dummies,2019,Paul McFedries,1119565863,299,English,15.6 MB,PDF,Software,http://file.allitebooks.com/20190506/Alexa For Dummies.pdf
Photoshop Elements 4 For Dummies,2006,Barbara Obermeier,0471774839,380,English,27.9 MB,PDF,Photoshop,http://file.allitebooks.com/20190506/Photoshop Elements 4 For Dummies.pdf
Swift in Depth,2018,Tjeerd in 't Veen,1617295183,376,English,4.5 MB,PDF,Swift,http://file.allitebooks.com/20190506/Swift in Depth.epub
Building Ethereum DApps,2019,Roberto Infante,1617295159,504,English,9.3 MB,ePub,Programming,http://file.allitebooks.com/20190506/Building Ethereum DApps.epub
"C# in Depth, 4th Edition",2019,Jon Skeet,1617294535,528,English,5 MB,"PDF, ePub",C#,"http://file.allitebooks.com/20190505/Csharp.in.Depth.4th.Edition.pdf , http://file.allitebooks.com/20190505/Csharp.in.Depth.4th.Edition.epub"
Think Julia,2019,Allen B. Downey,1492045039,296,English,10.6 MB,ePub,Programming,http://file.allitebooks.com/20190505/Think Julia.epub
Microsoft Office Project 2007 All-in-One Desk Reference For Dummies,2007,Elaine Marmel,0470137673,740,English,45.7 MB,PDF,Office,http://file.allitebooks.com/20190505/Microsoft Office Project 2007 All-in-One Desk Reference For Dummies.pdf
"(ISC)2 SSCP Systems Security Certified Practitioner Official Study Guide, 2nd Edition",2019,Mike Wills,1119542944,560,English,15.2 MB,PDF,Certification,"http://file.allitebooks.com/20190504/(ISC)2 SSCP Systems Security Certified Practitioner Official Study Guide, 2nd Edition.pdf"
"Statistical Analysis with Excel For Dummies, 2nd Edition",2009,Joseph Schmuller,0470454067,508,English,18.7 MB,PDF,Computer Science,"http://file.allitebooks.com/20190503/Statistical Analysis with Excel For Dummies, 2nd Edition.pdf"
Teach Yourself VISUALLY Adobe Photoshop Lightroom 2,2008,Lynette Kent,0470264357,352,English,153.6 MB,PDF,Photoshop,http://file.allitebooks.com/20190502/Teach Yourself VISUALLY Adobe Photoshop Lightroom 2.pdf
Office 2010 All-in-One For Dummies,2010,Peter Weverka,9780470497487,816,English,23.3 MB,PDF,Office,http://file.allitebooks.com/20190502/Office 2010 All-in-One For Dummies.pdf
Excel 2010 All-in-One For Dummies,2010,Greg Harvey,0470489596,792,English,17.3 MB,PDF,Office,http://file.allitebooks.com/20190502/Excel 2010 All-in-One For Dummies.pdf
Photoshop Elements 8 For Dummies,2009,Barbara Obermeier,0470529679,416,English,23.1 MB,PDF,Photoshop,http://file.allitebooks.com/20190502/Photoshop Elements 8 For Dummies.pdf
Professional Microsoft PowerPivot for Excel and SharePoint,2010,Denny Guang-Yeu Lee,0470587377,384,English,23.3 MB,PDF,Office,http://file.allitebooks.com/20190502/Professional Microsoft PowerPivot for Excel and SharePoint.pdf
Beginning Azure IoT Edge Computing,2019,David Jensen,1484245350,265,English,9.2 MB,"PDF, ePub",.NET,"http://file.allitebooks.com/20190430/Beginning Azure IoT Edge Computing.pdf , http://file.allitebooks.com/20190430/Beginning Azure IoT Edge Computing.epub"
AWS for Developers For Dummies,2019,John Paul Mueller,1119371848,384,English,16.5 MB,"PDF, ePub",Cloud Computing,"http://file.allitebooks.com/20190430/AWS for Developers For Dummies.Pdf , http://file.allitebooks.com/20190430/AWS for Developers For Dummies.epub"
Build Your Own IoT Platform,2019,Anand Tamboli,1484244974,221,English,4.4 MB,"PDF, ePub",Programming,"http://file.allitebooks.com/20190430/Build Your Own IoT Platform.pdf , http://file.allitebooks.com/20190430/Build Your Own IoT Platform.epub"
"CompTIA A+ Complete Study Guide, 4th Edition",2019,Jon Buhagiar,1119515939,1696,English,214 MB,PDF,Certification,"http://file.allitebooks.com/20190429/CompTIA A+ Complete Study Guide, 4th Edition.pdf"
"Practical Haskell, 2nd Edition",2019,Alejandro Serrano Mena,1484244796,595,English,5.9 MB,"PDF, ePub",Programming,"http://file.allitebooks.com/20190429/Practical Haskell, 2nd Edition.pdf , http://file.allitebooks.com/20190429/Practical Haskell, 2nd Edition.epub"
Learn Computer Vision Using OpenCV,2019,Sunila Gollapudi,1484242602,151,English,6.3 MB,"PDF, ePub",Python,"http://file.allitebooks.com/20190429/Learn Computer Vision Using OpenCV.pdf , http://file.allitebooks.com/20190429/Learn Computer Vision Using OpenCV.epub"
Agile Project Management with Azure DevOps,2019,Joachim Rossberg,1484244826,315,English,8.9 MB,"PDF, ePub",Hardware & DIY,"http://file.allitebooks.com/20190429/Agile Project Management with Azure DevOps.pdf , http://file.allitebooks.com/20190429/"
Adobe Analytics For Dummies,2019,David Karlins,1119446082,400,English,44.3 MB,"PDF, ePub",Marketing & SEO,"http://file.allitebooks.com/20190428/Adobe Analytics For Dummies.pdf , http://file.allitebooks.com/20190428/Adobe Analytics For Dummies.epub"
OCA Oracle Database 11g,2011,Steve Ries,1849683646,460,English,25 MB,ePub,Oracle,http://file.allitebooks.com/20190428/OCA Oracle Database 11g.epub
Windows Server 2019 & PowerShell All-in-One For Dummies,2019,Sara Perrott,1119560713,768,English,24.6 MB,PDF,Windows,http://file.allitebooks.com/20190428/Windows Server 2019  PowerShell All-in-One For Dummies.pdf
Jakarta Struts Pocket Reference,2003,Brian Keeton,9780596005191,144,English,1.1 MB,PDF,Java,http://file.allitebooks.com/20190427/Jakarta Struts Pocket Reference.pdf
Design – Build – Run,2009,Dave Ingram,0470257636,720,English,11.1 MB,PDF,Programming,http://file.allitebooks.com/20190427/Design - Build - Run.pdf
"Programming ColdFusion MX, 2nd Edition",2003,Rob Brooks-Bilson,9780596003807,1000,English,10.1 MB,PDF,Programming,"http://file.allitebooks.com/20190427/Programming ColdFusion MX, 2nd Edition.pdf"
Natural Language Processing in Action,2019,Cole Howard,1617294632,544,English,10.6 MB,PDF,C & C++,http://file.allitebooks.com/20190425/Natural Language Processing in Action.pdf
"R Quick Syntax Reference, 2nd Edition",2019,Margot Tollefson,1484244044,365,English,3 MB,"PDF, ePub",Programming,"http://file.allitebooks.com/20190425/R Quick Syntax Reference, 2nd Edition.pdf , http://file.allitebooks.com/20190425/R Quick Syntax Reference, 2nd Edition.epub"
SharePoint 2019 For Dummies,2019,Ken Withee,1119550653,416,English,36.9 MB,PDF,Office,http://file.allitebooks.com/20190424/SharePoint 2019 For Dummies.pdf
A Developer’s Guide to Amazon SimpleDB,2010,Mocky Habeeb,0321623630,288,English,2.9 MB,PDF,Datebases,http://file.allitebooks.com/20190424/A Developer's Guide to Amazon SimpleDB.pdf
Machinima For Dummies,2007,Hugh Hancock,0470096918,403,English,8 MB,PDF,Game Programming,http://file.allitebooks.com/20190424/Machinima For Dummies.pdf
React Native in Action,2019,Nader Dabit,1617294055,320,English,8 MB,PDF,C#,http://file.allitebooks.com/20190423/React Native in Action.pdf
"CompTIA A+ Complete Review Guide, 4th Edition",2019,Troy McMillan,1119516951,704,English,50.6 MB,PDF,Hardware & DIY,"http://file.allitebooks.com/20190423/CompTIA Aplus Complete Review Guide, 4th Edition.pdf"
OpenNebula 3 Cloud Computing,2012,Giovanni Toraldo,1849517460,314,English,4.4 MB,PDF,Networking & Cloud Computing,http://file.allitebooks.com/20190422/OpenNebula 3 Cloud Computing.epub
The Debian System,2005,Martin F. Krafft,1593270690,608,English,4.4 MB,PDF,Linux & Unix,http://file.allitebooks.com/20190422/The Debian System.pdf
WebGL Beginner’s Guide,2012,Brandon Jones,184969172X,376,English,11.9 MB,PDF,Graphics & Design,http://file.allitebooks.com/20190421/WebGL Beginner's Guide.pdf
SAS For Dummies,2007,Chris Hemedinger,0471788325,408,English,12.6 MB,PDF,Data Mining,http://file.allitebooks.com/20190421/SAS For Dummies.pdf
Flash CS4 For Dummies,2008,Ellen Finkelstein,0470381191,400,English,14.7 MB,PDF,Flash,http://file.allitebooks.com/20190421/Flash CS4 For Dummies.pdf
Dreamweaver CS4 For Dummies,2008,Janine Warner,0470345020,456,English,10.9 MB,PDF,Dreamweaver,http://file.allitebooks.com/20190421/Dreamweaver CS4 For Dummies.pdf
The Go Programming Language Phrasebook,2012,David Chisnall,0321817141,288,English,1.2 MB,ePub,Programming,http://file.allitebooks.com/20190420/The Go Programming Language Phrasebook.epub
Programming in Go,2012,Mark Summerfield,0321774639,4962,English,23.8 MB,ePub,Programming,http://file.allitebooks.com/20190420/Programming in Go.epub
OpenLayers Cookbook,2012,Perez Antonio Santiago,1849517843,300,English,11 MB,ePub,Web Development,http://file.allitebooks.com/20190420/OpenLayers Cookbook.epub
"Moodle 2 for Teaching 7-14 Year Olds Beginner’s Guide, 2nd Edition",2012,Mary Cooch,1849518327,258,English,11.5 MB,PDF,Computers & Technology,"http://file.allitebooks.com/20190420/Moodle 2 for Teaching 7-14 Year Olds Beginner's Guide, 2nd Edition.pdf"
Practical Computer Vision with SimpleCV,2012,Anthony Oliver,9781449320362,254,English,11 MB,ePub,Python,http://file.allitebooks.com/20190420/Practical Computer Vision with SimpleCV.epub
Adobe Creative Suite 3 Web Premium All-in-One Desk Reference For Dummies,2007,Andy Cowitt,0470120991,912,English,25.5 MB,PDF,Graphics & Design,http://file.allitebooks.com/20190418/Adobe Creative Suite 3 Web Premium All-in-One Desk Reference For Dummies.pdf
Postfix: The Definitive Guide,2003,Kyle D. Dent,0596002122,280,English,7.9 MB,PDF,Datebases,http://file.allitebooks.com/20190418/Postfix The Definitive Guide.pdf
Learn RStudio IDE,2019,Matthew Campbell,1484245105,153,English,6.9 MB,"PDF, ePub",Data Mining,"http://file.allitebooks.com/20190418/Learn RStudio IDE.pdf , http://file.allitebooks.com/20190418/Learn RStudio IDE.epub"
Cython,2015,Kurt W. Smith,1491901551,254,English,4.3 MB,PDF,Python,http://file.allitebooks.com/20190417/Cython.pdf
Linux Kernel in a Nutshell,2006,Greg Kroah-Hartman,0596100795,202,English,3.6 MB,ePub,Linux & Unix,http://file.allitebooks.com/20190417/Linux Kernel in a Nutshell.epub
Civic Apps Competition Handbook,2012,Kate Eyler-Werve,9781449322649,78,English,6.5 MB,PDF,Cloud Computing,http://file.allitebooks.com/20190417/Civic Apps Competition Handbook.pdf
TCL / TK in a Nutshell,1999,Jeff Tranter,1565924339,456,English,1.5 MB,PDF,Linux & Unix,http://file.allitebooks.com/20190417/TCL  TK in a Nutshell.pdf
Pro Windows Embedded Compact 7,2011,Abraham Kcholi,1430241799,288,English,10 MB,PDF,C#,http://file.allitebooks.com/20190415/Pro Windows Embedded Compact 7.pdf
"Advanced Perl Programming, 2nd Edition",2005,Simon Cozens,9780596004569,300,English,2.9 MB,ePub,Perl,"http://file.allitebooks.com/20190415/Advanced Perl Programming, 2nd Edition.epub"
RapidWeaver 5 Beginner’s Guide,2012,Joe Workman,184969205X,362,English,14.5 MB,PDF,Web Development,http://file.allitebooks.com/20190415/RapidWeaver 5 Beginner's Guide.pdf
Blockchain For Dummies 2nd Edition,2019,Tiana Laurence,1119555019,256,English,3.5 MB,PDF,Big Data,http://file.allitebooks.com/20190414/Blockchain For Dummies 2nd Edition.epub
"Coding For Kids For Dummies, 2nd Edition",2019,Camille McCue Ph.D,1119555167,368,English,49.5 MB,PDF,Programming,"http://file.allitebooks.com/20190414/Coding For Kids For Dummies, 2nd Edition.pdf"
Practical Shader Developmen,2019,Kyle Halladay,1484244567,381,English,12.1 MB,"PDF, ePub",Game Programming,"http://file.allitebooks.com/20190414/Practical Shader Developmen.pdf , http://file.allitebooks.com/20190414/Practical Shader Developmen.epub"
Customizing Dynamics 365,2019,Sanjaya Yapa,1484243781,314,English,18 MB,"PDF, ePub",C & C++,"http://file.allitebooks.com/20190414/Customizing Dynamics 365.pdf , http://file.allitebooks.com/20190414/Customizing Dynamics 365.epub"
Unreal for Mobile and Standalone VR,2019,Cornel Hillmann,1484243595,324,English,21 MB,"PDF, ePub",Programming,"http://file.allitebooks.com/20190414/Unreal for Mobile and Standalone VR.pdf , http://file.allitebooks.com/20190414/Unreal for Mobile and Standalone VR.epub"
A Tester’s Guide to .NET Programming,2006,Joe Sweeney,9781590596005,606,English,19.7 MB,PDF,Programming,http://file.allitebooks.com/20190412/A Tester's Guide to .NET Programming.pdf
802.11n: A Survival Guide,2012,Matthew S. Gast,9781449312046,144,English,11.4 MB,PDF,Wireless Networks,http://file.allitebooks.com/20190411/802.11n A Survival Guide.pdf
Taking Your Kindle Fire to the Max,2012,Mark Rollins,1430242639,320,English,79.5 MB,PDF,Programming,http://file.allitebooks.com/20190410/Taking Your Kindle Fire to the Max.pdf
Taking Your OS X Lion to the Max,2011,Dave Caolo,143023668X,256,English,MB,PDF,Macintosh,http://file.allitebooks.com/20190410/
Mastering LOB Development for Silverlight 5,2012,Braulio Díez,1849683549,430,English,18.6 MB,PDF,.NET,http://file.allitebooks.com/20190410/Mastering LOB Development for Silverlight 5.pdf
WordPress Plugin Development Cookbook,2012,Yannick Lefebvre,1849517681,318,English,4.1 MB,PDF,CMS,http://file.allitebooks.com/20190410/WordPress Plugin Development Cookbook.pdf
Teach Yourself VISUALLY Photoshop Elements 13,201,Richard Wentk,1118964667,384,English,31.5 MB,PDF,Photoshop,http://file.allitebooks.com/20190409/Teach Yourself VISUALLY Photoshop Elements 13.pdf
Managing Virtual Infrastructure with Veeam® ONE™,2014,Kevin L. Sapp,178217379X,106,English,5.3 MB,"PDF, ePub",Operating Systems,"http://file.allitebooks.com/20190409/Managing Virtual Infrastructure with Veeam ONE.pdf , http://file.allitebooks.com/20190409/Managing Virtual Infrastructure with Veeam ONE.epub"
Instant MapReduce Patterns – Hadoop Essentials How-to,2013,Srinath Perera,1782167706,60,English,0.7 MB,PDF,Data Processing,http://file.allitebooks.com/20190409/Instant MapReduce Patterns.pdf
Enterprise Development with Flex,2010,Anatole Tartakovsky,059615416X,688,English,11.9 MB,PDF,XML,http://file.allitebooks.com/20190408/Enterprise Development with Flex.pdf
cPanel User Guide and Tutorial,2006,Aric Pedersen,1904811922,208,English,6.7 MB,PDF,Web Servers,http://file.allitebooks.com/20190408/cPanel User Guide And Tutorial.pdf
Visual Studio Code Distilled,2019,Alessandro Del Sole,1484242238,232,English,7.7 MB,"PDF, ePub",Programming,"http://file.allitebooks.com/20190407/Visual Studio Code Distilled.pdf , http://file.allitebooks.com/20190407/Visual Studio Code Distilled.epub"
HTML5 in Action,2014,Ash Blue,1617290491,466,English,18.8 MB,PDF,"HTML, HTML5 & CSS",http://file.allitebooks.com/20190407/HTML5 in Action.pdf
"Pro JSF and HTML5, 2nd Edition",2013,Allan Lykke Christensen,9781430250104,412,English,6.8 MB,"PDF, ePub",Java,"http://file.allitebooks.com/20190406/Pro JSF and HTML5, 2nd Edition.pdf , http://file.allitebooks.com/20190406/Pro JSF and HTML5, 2nd Edition.epub"
Professional SQL Server 2005 Performance Tuning,2008,Arindam Sen,0470176393,551,English,14 MB,PDF,Programming,http://file.allitebooks.com/20190406/Professional SQL Server 2005 Performance Tuning.pdf
Use Case Driven Object Modeling with UML,2008,Don Rosenberg,1590597745,438,English,20.3 MB,PDF,Programming,http://file.allitebooks.com/20190404/Use Case Driven Object Modeling with UML.pdf
"SQL For Dummies, 6th Edition",2006,Allen G. Taylor,047004652X,432,English,3.8 MB,PDF,SQL,"http://file.allitebooks.com/20190404/SQL For Dummies, 6th Edition.pdf"
SharePoint 2010 development for dummies,2011,Ken Withee,0470888687,412,English,24 MB,PDF,Office,http://file.allitebooks.com/20190403/SharePoint 2010 development for dummies.pdf
Dart: Up and Running,2012,Kathy Walrath,9781449330897,158,English,5.1 MB,"PDF, ePub",Programming,"http://file.allitebooks.com/20190403/Dart Up and Running.pdf , http://file.allitebooks.com/20190403/Dart Up and Running.epub"
Getting Started with Eclipse Juno,2013,Rafael Medeiros Teixeira,1782160949,256,English,6.5 MB,PDF,Java,http://file.allitebooks.com/20190403/Getting Started with Eclipse Juno.pdf
HTTP/2 in Action,2019,Barry Pollard,1617295167,416,English,20.9 MB,PDF,JavaScript,http://file.allitebooks.com/20190402/HTTP2 in Action.pdf
The IoT Hacker’s Handbook,2019,Aditya Gupta,1484242998,320,English,18.5 MB,"PDF, ePub",Security,"http://file.allitebooks.com/20190401/The IoT Hacker's Handbook.pdf , http://file.allitebooks.com/20190401/The IoT Hacker's Handbook.epub"
Learn Microsoft Visual Studio App Center,2019,Sunny Mukherjee,1484243811,330,English,14.1 MB,"PDF, ePub",Programming,"http://file.allitebooks.com/20190401/Learn Microsoft Visual Studio App Center.pdf , http://file.allitebooks.com/20190401/Learn Microsoft Visual Studio App Center.epub"
PowerShell and Python Together,2019,Chet Hosmer,1484245032,216,English,10.6 MB,"PDF, ePub",Python,"http://file.allitebooks.com/PowerShell and Python Together.pdf , http://file.allitebooks.com/PowerShell and Python Together.epub"
Apache Solr Search Patterns,2015,Jayant Kumar,1783981849,250,English,6 MB,PDF,Algorithms,http://file.allitebooks.com/20190401/Apache Solr Search Patterns.pdf
RxJava Essentials,2015,Ivan Morgillo,1784399108,132,English,6 MB,"PDF, ePub",Java,"http://file.allitebooks.com/20190331/RxJava Essentials.pdf , http://file.allitebooks.com/20190331/RxJava Essentials.epub"
Professional Eclipse 3 for Java Developers,2004,Berthold Daum,9780470020050,600,English,4 MB,PDF,Java,http://file.allitebooks.com/20190331/Professional Eclipse 3 for Java Developers.pdf
Oracle DBA Mentor,2019,Brian Peasland,148424320X,451,English,13.4 MB,"PDF, ePub",Oracle,"http://file.allitebooks.com/20190330/Oracle DBA Mentor.pdf , http://file.allitebooks.com/20190330/Oracle DBA Mentor.epub"
"Pro Oracle Database 18c Administration, 3rd Edition",2019,Darl Kuhn,1484244230,986,English,9.4 MB,"PDF, ePub",Oracle,"http://file.allitebooks.com/20190330/Pro Oracle Database 18c Administration, 3rd Edition.pdf , http://file.allitebooks.com/20190330/Pro Oracle Database 18c Administration, 3rd Edition.epub"
Network Warrior,2007,Gary A. Donahue,0596101511,576,English,18.6 MB,PDF,Certification,http://file.allitebooks.com/20190330/Network Warrior.pdf
"Pro VB 2008 and the .NET 3.5 Platform, 3rd Edition",2011,Andrew Troelsen,1590598229,1377,English,10.7 MB,PDF,Visual Basic,"http://file.allitebooks.com/20190329/Pro VB 2008 and the .NET 3.5 Platform, 3rd Edition.pdf"
Google App Inventor,2011,Ralph Roberts,9781849692120,356,English,18.4 MB,PDF,Graphics & Design,http://file.allitebooks.com/20190329/Google App Inventor.pdf
Cognitive Computing Recipes,2019,Adnan Hashmi,1484241053,417,English,23.8 MB,"PDF, ePub",C & C++,"http://file.allitebooks.com/20190329/Cognitive Computing Recipes.pdf , http://file.allitebooks.com/20190329/Cognitive Computing Recipes.epub"
LEGO Wind Energy,2019,Elias Koch,1484244389,147,English,7.1 MB,"PDF, ePub",Hardware & DIY,"http://file.allitebooks.com/20190329/LEGO Wind Energy.pdf , http://file.allitebooks.com/20190329/LEGO Wind Energy.epub"
Make Your Own Twine Games!,2019,Anna Anthropy,1593279388,144,English,26.1 MB,ePub,Game Programming,http://file.allitebooks.com/20190329/Make Your Own Twine Games.epub
Cascading style sheets 2.0,2001,Eric A. Meyer,0072131780,368,English,2.4 MB,PDF,"HTML, HTML5 & CSS",http://file.allitebooks.com/20190328/Cascading style sheets 2.0.pdf
Macromedia Studio 8 All-in-One Desk Reference For Dummies,2006,Andy Cowitt,076459690X,888,English,19.9 MB,PDF,Web Development,http://file.allitebooks.com/20190328/Macromedia Studio 8 All-in-One Desk Reference For Dummies.pdf
The Microsoft Outlook Ideas Book,2006,Barbara March,1904811701,144,English,3.2 MB,PDF,Windows & PC,http://file.allitebooks.com/20190328/The Microsoft Outlook Ideas Book.pdf
"iText in action, Second Edition",2010,Bruno Lowagie,9781935182610,700,English,20.1 MB,PDF,Java,"http://file.allitebooks.com/20190328/iText in action, Second Edition.pdf"
Getting Started with SBT for Scala,2013,Shiti Saxena,1783282673,86,English,10.2 MB,PDF,Java,http://file.allitebooks.com/20190328/Getting Started with SBT for Scala.pdf
"WordPress All-In-One For Dummies, 4th Edition",2019,Lisa Sabin-Wilson,1119553156,864,English,50.2 MB,PDF,CMS,"http://file.allitebooks.com/20190327/WordPress All-In-One For Dummies, 4th Edition.pdf"
Professional Outlook 2007 Programming,2007,Ken Slovak,0470049944,454,English,5.5 MB,PDF,Mail Servers,http://file.allitebooks.com/20190327/Professional Outlook 2007 Programming.pdf
Learning MCollective,2014,Jo Rhett,1491945672,284,English,3.5 MB,"PDF, ePub",Network Administration,"http://file.allitebooks.com/20190326/Learning MCollective.pdf , http://file.allitebooks.com/20190326/Learning MCollective.epub"
Spring 2.5 Aspect Oriented Programming,2009,Massimiliano Dessì,1847194028,332,English,8.3 MB,PDF,Web Development,http://file.allitebooks.com/20190326/Spring 2.5 Aspect Oriented Programming.pdf
"Dependency Injection Principles, Practices, and Patterns",2019,Mark Seemann,161729473X,552,English,14.2 MB,PDF,ASP.NET,"http://file.allitebooks.com/20190325/Dependency Injection Principles, Practices, and Patterns.pdf"
Beginning MySQL,2005,Geoff Moes,0764579509,864,English,12 MB,PDF,MySQL,http://file.allitebooks.com/20190325/Beginning MySQL.pdf
Professional LAMP,2005,Elizabeth Naramore,076459723X,379,English,7.2 MB,PDF,MySQL,http://file.allitebooks.com/20190324/Professional LAMP.pdf
"The Well-Grounded Rubyist, 3rd Edition",2019,David A. Black,1617295213,584,English,4.5 MB,PDF,Ruby,"http://file.allitebooks.com/20190323/The Well-Grounded Rubyist, 3rd Edition.pdf"
"Pro Python 3, 3rd Edition",2019,J. Burton Browning,1484243846,480,English,6 MB,"PDF, ePub",Python,"http://file.allitebooks.com/20190322/Pro Python 3, 3rd Edition.pdf , http://file.allitebooks.com/20190322/Pro Python 3, 3rd Edition.epub"
PySpark SQL Recipes,2019,Raju Kumar Mishra,148424334X,323,English,4.6 MB,"PDF, ePub",Python,"http://file.allitebooks.com/20190322/PySpark SQL Recipes.pdf , http://file.allitebooks.com/20190322/PySpark SQL Recipes.epub"
Arch Linux Environment set-up How-To,2012,Ike Devolder,1849519722,68,English,1.7 MB,PDF,Linux & Unix,http://file.allitebooks.com/20190322/Arch Linux Environment set-up How-To.pdf
Mastering Apache Camel,2015,Jean-Baptiste Onofré,1782173153,240,English,7.2 MB,"PDF, ePub",Java,"http://file.allitebooks.com/20190321/Mastering Apache Camel.pdf , http://file.allitebooks.com/20190321/Mastering Apache Camel.epub"
Pro ASP.NET 2.0 Website Programming,2005,Damon Armstrong,1590595467,674,English,12.4 MB,PDF,ASP.NET,http://file.allitebooks.com/20190320/Pro ASP.NET 2.0 Website Programming.pdf
Kivy Cookbook,2015,Hugo Solis,1783987383,246,English,9.4 MB,"PDF, ePub",Python,"http://file.allitebooks.com/20190320/Kivy Cookbook.pdf , http://file.allitebooks.com/20190320/Kivy Cookbook.epub"
EPUB 3 Best Practices,2013,Markus Gylling,1449329144,372,English,12.3 MB,PDF,Computers & Technology,http://file.allitebooks.com/20190319/EPUB 3 Best Practices.pdf
Programming Google App Engine with Python,2015,Dan Sanderson,1491900253,464,English,6.6 MB,"PDF, ePub",Python,"http://file.allitebooks.com/20190319/Programming Google App Engine with Python.pdf , http://file.allitebooks.com/20190319/Programming Google App Engine with Python.epub"
"Play Framework Cookbook, 2nd Edition",2015,Alexander Reelsen,1784393134,345,English,4.9 MB,"PDF, ePub",Java,"http://file.allitebooks.com/20190319/Play Framework Cookbook, 2nd Edition.pdf , http://file.allitebooks.com/20190319/Play Framework Cookbook, 2nd Edition.epub"
Dart Essentials,2015,Martin Sikora,1783989602,207,English,11.8 MB,"PDF, ePub",Programming,"http://file.allitebooks.com/20190319/Dart Essentials.pdf , http://file.allitebooks.com/20190319/Dart Essentials.epub"
Functional Interfaces in Java,2019,Ralph Lecessi,1484242777,428,English,3 MB,"PDF, ePub",Java,"http://file.allitebooks.com/20190318/Functional Interfaces in Java.pdf , http://file.allitebooks.com/20190318/Functional Interfaces in Java.epub"
"Better, Faster, Lighter Java",2004,Bruce Tate,9780596006761,266,English,6.3 MB,PDF,Java,"http://file.allitebooks.com/20190316/Better, Faster, Lighter Java.pdf"
Making Java Groovy,2013,Ken Kousen,1935182943,368,English,14.2 MB,PDF,Java,http://file.allitebooks.com/20190316/Making Java Groovy.pdf
Wireshark Network Security,2015,Piyush Verma,1784393339,138,English,8.7 MB,"PDF, ePub",Security,"http://file.allitebooks.com/20190315/Wireshark Network Security.pdf , http://file.allitebooks.com/20190315/Wireshark Network Security.epub"
Mastering ServiceNow Administration,2015,Martin Wood,1782174214,606,English,65.6 MB,"PDF, ePub",Software,"http://file.allitebooks.com/20190314/Mastering ServiceNow.pdf , http://file.allitebooks.com/20190314/Mastering ServiceNow.epub"
Prezi Cookbook,2015,Charlotte Olsson,1783551836,271,English,7.6 MB,"PDF, ePub",Software,"http://file.allitebooks.com/20190314/Prezi Cookbook.pdf , http://file.allitebooks.com/20190314/Prezi Cookbook.epub"
FL Studio Cookbook,2014,Shaun Friedman,1849694141,286,English,17.8 MB,"PDF, ePub",Software,"http://file.allitebooks.com/20190314/ , http://file.allitebooks.com/20190314/FL Studio Cookbook.epub"
Cryptography For Dummies,2004,Chey Cobb,0764541889,336,English,8.2 MB,PDF,Security,http://file.allitebooks.com/20190313/Cryptography For Dummies.pdf
Applying and Extending Oracle Spatial,2013,Simon Greener,184968636X,568,English,41.8 MB,PDF,Oracle,http://file.allitebooks.com/20190313/Applying and Extending Oracle Spatial.pdf
"Blender For Dummies, 3rd Edition",2015,Jason van Gumster,9781119039532,528,English,28.2 MB,"PDF, ePub",Graphics & Design,"http://file.allitebooks.com/20190313/Blender For Dummies, 3rd Edition.pdf , http://file.allitebooks.com/20190313/Blender For Dummies, 3rd Edition.epub"
Classic Computer Science Problems in Python,2019,David Kopec,1617295981,224,English,4.3 MB,PDF,Programming,http://file.allitebooks.com/20190312/Classic Computer Science Problems in Python.pdf
Tizen Cookbook,2014,Leon Anavi,1783981903,350,English,4.5 MB,"PDF, ePub",Linux & Unix,"http://file.allitebooks.com/20190312/Tizen Cookbook.pdf , http://file.allitebooks.com/20190312/Tizen Cookbook.epub"
Salesforce Essentials for Administrators,2015,Mohith Shrivastava,1784398071,158,English,13.3 MB,"PDF, ePub",Networking & Cloud Computing,"http://file.allitebooks.com/20190311/Salesforce Essentials for Administrators.pdf , http://file.allitebooks.com/20190311/Salesforce Essentials for Administrators.epub"
Serious Python,2018,Julien Danjou,1593278780,240,English,5 MB,PDF,Programming,http://file.allitebooks.com/20190311/Serious Python.pdf
Grails in Action,2009,Glen Smith,1933988932,520,English,7.7 MB,"PDF, ePub",Java,"http://file.allitebooks.com/20190310/Grails in Action.pdf , http://file.allitebooks.com/20190310/Grails in Action.epub"
"Xamarin Mobile Application Development for Android, 2nd Edition",2015,Nilanchala Panigrahy,1785280376,296,English,5.1 MB,"PDF, ePub",C#,"http://file.allitebooks.com/20190310/Xamarin Mobile Application Development for Android, 2nd Edition.pdf , http://file.allitebooks.com/20190310/Xamarin Mobile Application Development for Android, 2nd Edition.epub"
"Entity Framework Tutorial, 2nd Edition",2015,Joydip Kanjilal,1783550015,316,English,20.9 MB,"PDF, ePub",C#,"http://file.allitebooks.com/20190310/Entity Framework Tutorial, 2nd Edition.pdf , http://file.allitebooks.com/20190310/Entity Framework Tutorial, 2nd Edition.epub"
SmartWatch Design Fundamentals,2019,Wallace Jackson,1484243684,446,English,31.1 MB,"PDF, ePub",Programming,"http://file.allitebooks.com/20190309/SmartWatch Design Fundamentals.pdf , http://file.allitebooks.com/20190309/SmartWatch Design Fundamentals.epub"
Professional Red Teaming,2019,Jacob G. Oakley,1484243080,210,English,5.6 MB,"PDF, ePub",Security,"http://file.allitebooks.com/20190309/Professional Red Teaming.pdf , http://file.allitebooks.com/20190309/Professional Red Teaming.epub"
Learning Bitcoin,2015,Richard Caetano,1785287303,236,English,13.7 MB,"PDF, ePub",Security,"http://file.allitebooks.com/20190308/Learning Bitcoin.pdf , http://file.allitebooks.com/20190308/Learning Bitcoin.epub"
PowerShell Troubleshooting Guide,2014,Michael Shepard,1782173579,206,English,2.7 MB,"PDF, ePub","Networks, Protocols & APIs","http://file.allitebooks.com/20190307/PowerShell Troubleshooting Guide.pdf , http://file.allitebooks.com/20190307/PowerShell Troubleshooting Guide.epub"
VMware vSphere 5.5 Essentials,2015,Christian Stankowic,1784398756,175,English,17.6 MB,"PDF, ePub",Operating Systems,"http://file.allitebooks.com/20190307/VMware vSphere 5.5 Essentials.pdf , http://file.allitebooks.com/20190307/VMware vSphere Essentials"
Études for ClojureScript,2015,J. David Eisenberg,9781491934890,176,English,3 MB,"PDF, ePub",JavaScript,"http://file.allitebooks.com/20190306/Etudes for ClojureScript.pdf , http://file.allitebooks.com/20190306/Etudes for ClojureScript.epub"
Mastering NetScaler VPX,2015,Marius Sandbu,1785281739,218,English,11.1 MB,"PDF, ePub","Networks, Protocols & APIs","http://file.allitebooks.com/20190306/Mastering Netscaler VPX.pdf , http://file.allitebooks.com/20190306/Mastering Netscaler VPX.epub"
How Software Works,2015,V. Anton Spraul,1593276664,216,English,6.9 MB,"PDF, ePub",Computer Science,"http://file.allitebooks.com/20190305/How Software Works.pdf , http://file.allitebooks.com/20190305/How Software Works.epub"
Service Oriented Architecture For Dummies,2006,by Judith Hurwitz,0470054352,384,English,7.5 MB,PDF,Hardware & DIY,http://file.allitebooks.com/20190305/Service Oriented Architecture For Dummies.pdf
"The Linux Command Line, 2nd Edition",2019,William E. Shotts Jr.,1593279523,504,English,7.9 MB,PDF,Linux & Unix,"http://file.allitebooks.com/20190304/The Linux Command Line, 2nd Edition.pdf"
Head First Kotlin,2019,David Griffiths,1491996692,480,English,46.8 MB,ePub,Data in the Enterprise,http://file.allitebooks.com/20190303/Head First Kotlin.epub
3D Printing for Architects with MakerBot,2013,Matthew B. Stokes,1783550759,108,English,5.1 MB,ePub,3D Printing,http://file.allitebooks.com/20190303/3D Printing for Architects with MakerBot.epub
iCloud Standard Guide,2013,Andri Yadi,1782160507,158,English,16.7 MB,ePub,Programming,http://file.allitebooks.com/20190303/iCloud Standard Guide.epub
Android Espresso Revealed,2019,Denys Zelenchuk,1484243145,308,English,8.3 MB,"PDF, ePub",Android,"http://file.allitebooks.com/20190302/Android Espresso Revealed.pdf , http://file.allitebooks.com/20190302/Android Espresso Revealed.epub"
"Cyber Operations, 2nd Edition",2019,Mike O'Leary,1484242939,1136,English,28.1 MB,"PDF, ePub","Networks, Protocols & APIs","http://file.allitebooks.com/20190302/Cyber Operations, 2nd Edition.pdf , http://file.allitebooks.com/20190302/Cyber Operations, 2nd Edition.epub"
"Search Engine Optimization Bible, 2nd Edition",2009,Jerri L. Ledford,0470452641,528,English,18.4 MB,PDF,Marketing & SEO,"http://file.allitebooks.com/20190301/Search Engine Optimization Bible, 2nd Edition.pdf"
The Definitive Guide to db4o,2006,Jim Paterson,1590596560,484,English,13.1 MB,PDF,Programming,http://file.allitebooks.com/20190228/The Definitive Guide to db4o.pdf
Introducing Python,2015,Bill Lubanovic,1449359361,484,English,8.2 MB,PDF,Python,http://file.allitebooks.com/20190228/Introducing Python.pdf
Oracle Database 12c Release 2 Multitenant,2016,Anton Els,1259836096,416,English,53.1 MB,PDF,Oracle,http://file.allitebooks.com/20190228/Oracle Database 12c Release 2 Multitenant.pdf
Practical Machine Learning and Image Processing,2019,Himanshu Singh,1484241487,169,English,4.8 MB,"PDF, ePub",Python,"http://file.allitebooks.com/20190227/Practical Machine Learning and Image Processing.pdf , http://file.allitebooks.com/20190227/Practical Machine Learning and Image Processing.epub"
Digital Forensics Basics,2019,Nihad A. Hassan,1484238370,335,English,14.9 MB,"PDF, ePub",Security,"http://file.allitebooks.com/20190227/Digital Forensics Basics.pdf , http://file.allitebooks.com/20190227/Digital Forensics Basics.epub"
Blockchain Enabled Applications,2017,David Metcalf,9781484230800,240,English,8.8 MB,"PDF, ePub",Computer Science,"http://file.allitebooks.com/20190226/Blockchain Enabled Applications.pdf , http://file.allitebooks.com/20190226/Blockchain Enabled Applications.epub"
"Mastering Prezi for Business Presentations, 2nd Edition",2015,J.J. Sylvia IV,1782175091,411,English,12.9 MB,"PDF, ePub",Networking & Cloud Computing,"http://file.allitebooks.com/20190226/Mastering Prezi for Business Presentations, 2nd Edition.pdf , http://file.allitebooks.com/20190226/Mastering Prezi for Business Presentations, 2nd Edition.epub"
JBoss Tools 3 Developers Guide,2009,Anghel Leonard,1847196144,408,English,8.9 MB,PDF,Web Development,http://file.allitebooks.com/20190226/JBoss Tools 3 Developers Guide.pdf
